<?xml version="1.0" encoding="ISO-8859-1"?> 
<module version="0.1"> 
    <name lang="en">Courses Admin</name> 
    <description lang="en">Allows administrators to manage the courses on a system. </description> 
    <maintainers>
        <maintainer> 
            <name>ATutor Team</name> 
            <email>info@atutor.ca</email> 
        </maintainer>
    </maintainers> 
    <url>http://atutor.ca</url> 
    <license>GPL</license> 
	<release> 
        <version>0.1</version> 
		<privileges>
			<instructor_privilege></instructor_privilege>
			<admin_privilege>create</admin_privilege> 
		</privileges>
        <date>2005-09-12</date> 
        <state>stable</state> 
        <notes>This is a core module.</notes> 
    </release> 
</module>