<?xml version="1.0" encoding="ISO-8859-1"?> 
<module version="0.1"> 
    <name lang="en">Tool Manager</name> 
    <description lang="en">Tools sub-content can be made available to students by linking them into content pages.</description> 
    <maintainers>
        <maintainer> 
            <name>CRIAD</name> 
            <email>info@atutor.ca</email> 
        </maintainer>
    </maintainers> 
    <url>http://atutor.ca</url> 
    <license>GPL</license> 
	<release> 
        <version>0.1</version> 
		<privileges>
			<instructor_privilege>create</instructor_privilege>
			<admin_privilege></admin_privilege> 
		</privileges>
        <date>2009-06-24</date> 
        <state>stable</state> 
        <notes>This is a core module.</notes> 
    </release> 
</module>